{"cameraMode":{"drawMode":0,"name":"Shaded","section":"Shading Mode"},"sceneLighting":true,"audioPlay":false,"sceneViewState":{"showFog":true,"showMaterialUpdate":false,"showSkybox":true,"showFlares":true,"showImageEffects":true,"showParticleSystems":true},"in2DMode":false,"pivot":{"x":7.776149749755859,"y":0.9065427780151367,"z":8.199755668640137},"rotation":{"x":0.011611001566052437,"y":0.43764403462409975,"z":-0.005616798531264067,"w":0.8990871906280518},"size":20.52853775024414,"orthographic":false}